institution,rank_2020,rank_2019,country,size,focus,research_intensity,age,status,academic_ reputation_score,academic_reputation_rank,employer_reputation_score,employer_reputation_rank,faculty_student_score,faculty_student_rank,citations_per_faculty_score,citations_per_faculty_rank,international_faculty_score,international_faculty_rank,international_students_score,international_students_rank,overall_score
Aalborg University,324,343,Denmark,L,FC,VH,3,A,34.2,241,6.2,501,10.6,601,39.2,333,8.5,601,20.3,527,25.8
Aalto University,134,140,Finland,L,FO,VH,1,A,9.8,501,3.8,501,72.6,180,20.1,554,18.5,566,13.3,601,24.5
Aarhus University,145,141,Denmark,L,FC,VH,4,A,19.1,437,10.2,501,67.2,207,24.2,489,86.5,185,58.3,243,34.3
Aberystwyth University,484,432,United Kingdom,M,CO,VH,5,A,25.2,328,37.2,254,7.6,601,62,133,91.3,159,56.7,255,35.2
Al-Farabi Kazakh National University,207,220,Kazakhstan,L,CO,HI,4,A,11,501,3.9,501,36.8,425,100,5,10.1,601,7.2,601,33.1
American University of Beirut (AUB),244,237,Lebanon,M,FC,VH,5,A,28.9,294,36,268,43.5,351,64.9,120,99.5,71,96.5,68,46.8
American University of Sharjah,371,376,United Arab Emirates,S,FC,HI,2,A,18,463,4.7,501,55.1,268,24.1,492,11.6,601,12.7,601,24.8
Amirkabir University of Technology,489,498,Iran,M,FO,VH,4,A,21.3,385,21.3,433,30.7,494,29.6,437,69.1,254,28.7,442,27.7
Arizona State University,215,212,United States,XL,CO,VH,5,A,39.4,206,38.5,247,77.9,153,43.4,295,71.1,247,11.6,601,48.2
Aston University,442,381,United Kingdom,L,CO,HI,4,B,5.9,501,7.8,501,100,14,19.6,562,7.4,601,16.2,582,28.3
Auckland University of Technology,442,464,New Zealand,L,CO,HI,2,A,31.2,265,15.5,501,35.5,440,14.7,601,5.9,601,2.2,601,24.6
Australian National University (ANU),29,24,Australia,L,FC,VH,4,A,35.3,235,33.2,288,49.7,306,32.2,416,11.4,601,7.6,601,34.9
Bandung Institute of Technology (ITB),331,359,Indonesia,L,CO,VH,4,A,30.2,279,26.3,356,30.9,491,26.9,457,70,251,12.8,601,30.5
Bauman Moscow State Technical University,284,299,Russia,L,CO,HI,5,A,51.2,151,19,485,66.1,213,24.1,494,45.1,358,26.6,462,44.2
Beihang University,462,491,China,L,CO,VH,4,A,30.1,281,13.1,501,19,601,37.1,364,12.4,601,57.2,252,28.1
Beijing Institute of Technology,436,464,China,L,FO,VH,4,,24.8,338,30.7,312,29,517,38.1,345,29.2,469,8.6,601,28.4
Beijing Normal University,277,292,China,L,CO,VH,5,A,32.9,256,57.7,137,8.6,601,78.7,59,75,235,87.6,119,44.7
Belarus State University,351,354,Belarus,L,FO,HI,4,A,22.3,375,5.4,501,28.4,532,63.2,127,30.9,452,8,601,29.8
Ben Gurion University of The Negev,419,407,Israel,L,FC,VH,4,A,13.6,501,2.8,501,81.8,135,12.1,601,69.6,253,10.3,601,28.6
"Birkbeck College, University of London",328,306,United Kingdom,M,FO,VH,5,A,47,167,36,267,13.4,601,44.3,285,99.3,74,59.2,238,42
Bond University,442,443,Australia,S,FC,HI,3,B,4.7,501,1.9,501,96.5,53,17.1,601,3.2,601,4.3,601,25.2
Boston College,432,376,United States,L,CO,HI,5,A,18.6,446,15.4,501,41.5,371,49.8,230,99.9,61,90.4,109,36.9
Boston University,98,93,United States,L,FC,VH,5,A,65.6,97,78.8,79,54.8,272,49.3,237,91.8,154,85.7,125,64
Brandeis University,468,429,United States,M,CO,VH,4,A,12.1,501,28.1,334,19.3,601,79.3,57,5.7,601,4.5,601,28
Brown University,57,56,United States,M,FC,VH,5,A,88.5,45,82.2,69,27.7,542,81.8,50,100,36,99.5,34,75.7
Brunel University,359,332,United Kingdom,L,CO,VH,4,A,19.3,429,9,501,13.2,601,41.9,314,99.7,63,99.4,35,29.7
California Institute of Technology (Caltech),5,4,United States,S,CO,VH,5,B,97.8,23,81.2,74,100,4,100,4,99.4,72,87.3,121,96.9
Cardiff University,154,145,United Kingdom,L,FC,VH,5,A,30.3,278,38.2,250,63.7,224,90.6,30,100,40,46.6,307,54.3
Carnegie Mellon University,48,46,United States,L,FC,VH,5,A,83.4,60,93.8,34,86.5,99,57.8,157,92.7,147,42.9,329,78.6
Case Western Reserve University,167,186,United States,M,FC,VH,5,B,58.5,125,60,126,28.7,523,64.5,121,21.7,528,75,164,53.1
CentraleSupelec,139,137,France,S,FO,VH,1,A,4.7,501,15,501,7.4,601,94.9,22,7,601,2.6,601,24.4
Chalmers University of Technology,125,128,Sweden,M,CO,VH,5,A,70.3,84,33.9,284,23.3,601,80.4,54,65.3,268,60.6,233,58.7
Chang Gung University,484,429,Taiwan,M,FO,VH,3,A,18.3,455,25.9,366,8.7,601,28.3,447,100,32,55.1,265,25.1
Charles University,291,317,Czech Republic,XL,FC,VH,5,A,39.2,210,46.6,191,64.3,220,46.1,264,14.6,601,15.8,588,44.1
Chiba University,442,464,Japan,L,FC,VH,5,A,20.4,406,19.9,462,66.1,214,16,601,98.4,92,99.3,36,36.6
Christian-Albrechts-Universitat zu Kiel,478,453,Germany,L,FC,VH,5,A,26.6,317,41.1,231,21.6,601,78.4,62,5.3,601,1,601,35.2
Chulalongkorn University,247,271,Thailand,XL,FC,HI,5,A,39.3,208,76.5,85,7.6,601,68.5,97,77.6,225,84.1,129,46.8
Chung-Ang University,412,397,South Korea,L,FC,HI,5,A,24.4,346,30.6,316,64.2,221,43.6,291,24.3,508,36.7,374,37.6
City University of Hong Kong,52,55,Hong Kong,M,CO,VH,3,B,17,483,7.4,501,16.1,601,51.7,209,23.1,518,100,22,27.3
"City, University of London",349,351,United Kingdom,L,CO,VH,5,,4.7,501,43.2,216,95.1,60,28.2,447,95,133,99.7,32,40.7
Colorado State University,442,450,United States,L,CO,VH,5,A,19.7,421,17.8,501,14.9,601,75.3,72,97.8,106,78.3,152,36.6
Columbia University,18,16,United States,L,FC,VH,5,B,99.9,9,99.9,7,100,5,53.5,190,78.1,224,57.4,249,87.7
Concordia University,462,464,Canada,XL,CO,VH,3,B,34,248,70.6,97,17,601,2.5,601,6.5,601,2,601,25.1
Cornell University,14,14,United States,L,FC,VH,5,B,99.9,10,98.6,19,70.7,192,100,3,64.9,272,67.6,197,90.9
Curtin University,230,250,Australia,L,CO,VH,3,A,22.8,364,16.7,501,2.5,601,59.6,145,34.3,432,33.8,400,26.7
Czech Technical University In Prague,498,531-540,Czech Republic,L,SP,VH,5,A,14.4,501,16.9,501,99.9,28,33.2,402,5.8,601,7.8,601,34.9
Dalhousie University,280,279,Canada,L,FC,VH,5,A,29.5,289,23.2,403,39.6,390,63.6,126,95.7,127,98.2,52,44.6
Dartmouth College,207,183,United States,M,FC,VH,5,B,36.9,226,88.9,53,89.5,82,4.6,601,98.2,98,18.4,549,48.5
Deakin University,271,309,Australia,XL,FC,VH,3,A,10.5,501,10.5,501,77.2,159,3.3,601,16.8,591,78.1,153,26.2
Delft University of Technology,50,52,Netherlands,L,CO,VH,5,A,97.5,25,96.4,26,23.6,597,70.9,90,100,42,100,20,77.8
Dongguk University,454,432,South Korea,L,FC,HI,5,A,35,238,13.1,501,70.3,193,22.3,519,16,600,30.4,428,36.3
Dublin City University (DCU),429,422,Ireland,L,CO,HI,3,A,15.8,501,6,501,10,601,66,112,47.9,343,12.7,601,25.2
Duke University,25,26,United States,L,FC,VH,5,B,88.3,48,52.6,156,100,13,77.6,64,68.8,256,81.5,140,83.9
Durham University,78,74,United Kingdom,L,FC,VH,5,A,74.4,76,94.1,32,55.3,267,50.3,225,97.8,105,99.1,40,70.4
Eberhard Karls Universitat Tubingen,169,168,Germany,L,FC,VH,5,A,51.9,147,31.7,302,84.2,121,39,334,65.2,269,20.1,532,53
Ecole des Ponts ParisTech,250,263,France,S,FO,VH,5,A,51.7,148,41.4,229,19.6,601,48.2,247,100,33,62.9,219,46.7
Ecole Normale Superieure de Lyon,160,153,France,S,CO,VH,5,A,52.6,145,41.9,225,34.4,452,58.8,150,98.5,90,97.9,55,53.9
Ecole Polytechnique,60,65,France,S,CO,VH,5,A,76.6,70,84.2,63,72.8,179,61.8,135,89.4,173,75.6,159,74.5
Ecole Polytechnique Federale de Lausanne (EPFL),18,22,Switzerland,M,FO,VH,5,B,99.7,12,97.6,23,100,19,53,199,40.1,397,96.9,63,87.4
Eindhoven University of Technology,102,99,Netherlands,M,FO,VH,4,A,13.4,501,6.2,501,94.9,61,6.2,601,100,47,66.2,201,34.6
Emory University,156,148,United States,L,FC,VH,5,B,30.5,273,61.4,122,66.3,212,73.1,78,96.8,118,56,261,54
ENS Paris-Saclay,312,305,France,S,CO,VH,5,B,29.8,285,42.6,220,67.3,206,49.8,231,43.1,371,20.6,525,42.9
Erasmus University Rotterdam,183,179,Netherlands,L,FO,VH,5,A,15.8,501,100,6,88.7,87,45.4,275,72.1,243,90.1,110,51.4
ETH Zurich (Swiss Federal Institute of Technology),6,7,Switzerland,L,CO,VH,5,A,98.4,22,96.7,25,85,113,98.4,15,100,19,98,53,95.9
Ewha Womans University,331,319,South Korea,L,FC,HI,5,A,31.1,266,15.3,501,39.4,394,76.7,67,54.4,316,26.2,470,41.4
Flinders University,424,478,Australia,L,FC,HI,4,A,18.2,459,8,501,82.3,133,3.5,601,9.7,601,53.1,274,28.5
Florida State University,448,472,United States,XL,FC,VH,5,A,9.3,501,9.7,501,77.3,158,42.2,307,100,9,55.6,264,36.5
Freie Universitat Berlin,130,130,Germany,XL,FC,HI,4,A,48.4,162,23.3,400,10.7,601,46.8,258,10.8,601,8.3,601,34.3
Fudan University,40,44,China,XL,FC,VH,5,A,100,8,99.7,11,40.6,378,88.3,37,50.4,335,38.2,357,80.4
Georg-August-Universitat Gottingen,197,197,Germany,XL,FC,VH,5,A,60.4,119,84.3,61,6.3,601,56.9,164,44.6,364,54.5,269,50.4
George Washington University,336,345,United States,L,FC,VH,5,A,33.9,251,45,201,73.3,177,22.7,511,27.3,479,53.7,271,41.4
Georgetown University,226,226,United States,L,FC,VH,5,A,71.8,80,45.5,198,32.5,466,29.8,435,5.8,601,33.8,401,47.9
Georgia Institute of Technology (Georgia Tech),72,69,United States,L,CO,VH,5,A,88,50,91.9,42,17.1,601,64.2,123,100,44,99.9,27,70.9
"Goldsmiths, University of London",417,396,United Kingdom,M,FO,VH,5,B,20.2,410,9.8,501,78.9,149,45.7,272,29.4,464,38.5,354,37.5
Griffith University,320,329,Australia,XL,FC,VH,3,C,10,501,35.1,273,57.6,255,3.6,601,41.7,384,81.1,142,26
Gwangju Institute of Science and Technology (GIST),322,315,South Korea,S,FO,VH,3,A,26.9,313,43.3,215,12,601,35.4,382,17.8,576,5.7,601,25.8
Hanyang University,150,151,South Korea,L,FC,VH,4,A,24.8,337,28.4,330,43.8,345,54,188,20.9,539,11.6,601,34.1
Harbin Institute of Technology,277,285,China,XL,FO,VH,4,A,7.8,501,7,501,82.9,127,37.2,363,48.8,340,28.2,451,31.8
Harvard University,3,3,United States,L,FC,VH,5,B,100,1,100,1,98.7,40,99.6,8,86.3,186,62.2,221,97.4
Hebrew University of Jerusalem,162,154,Israel,L,FC,VH,5,B,85.2,56,95.5,30,28.6,524,13.6,601,19.4,554,4.2,601,53.4
Heriot-Watt University,314,302,United Kingdom,M,CO,VH,4,A,37,224,24.2,387,16.1,601,47.4,255,5.5,601,12.7,601,30.9
Hiroshima University,334,321,Japan,L,FC,VH,4,A,11.2,501,5,501,100,11,21.8,527,3.6,601,16.7,572,30.5
Hitotsubashi University,448,456,Japan,M,SP,HI,5,A,20.5,405,17.3,501,99.8,29,4.5,601,23.4,517,88.9,113,36.5
Hokkaido University,132,128,Japan,L,FC,VH,5,A,51.1,152,23.7,395,52.6,287,73.6,76,100,37,97.8,56,58.1
Hong Kong Baptist University (HKBU),261,277,Hong Kong,M,FC,VH,3,A,9.8,501,13.7,501,83.3,125,6.3,601,18.3,567,44.1,321,26.4
Huazhong University of Science and Technology,400,415,China,XL,FC,VH,4,B,9.8,501,9.6,501,84.6,116,1.2,601,35.1,427,97.5,59,28.8
HUFS Hankuk (Korea) University of Foreign Studies,407,387,South Korea,L,CO,HI,4,A,11.2,501,6.4,501,24.3,586,43.9,287,100,10,96.2,72,28.7
Humboldt-Universitat zu Berlin,120,121,Germany,XL,FC,HI,5,A,45.2,176,51.6,162,65.3,217,67.4,106,98.7,86,99.8,28,59.9
IE University,335,,Spain,M,CO,LO,2,A,14.5,501,25.8,369,15.7,601,24.3,488,100,35,67.8,195,24.9
Illinois Institute of Technology,421,426,United States,M,CO,VH,5,,48.5,161,7.6,501,33.5,457,46.1,265,19.1,558,7.5,601,37.5
Imperial College London,9,8,United Kingdom,L,FC,VH,5,A,98.6,21,99.9,9,99.8,30,72.1,85,100,46,100,14,94.1
Indian Institute of Science (IISc) Bangalore,184,170,India,S,SP,VH,5,A,40.4,200,42.5,223,85,112,32.4,413,97.9,104,45.1,314,51.2
Indian Institute of Technology Bombay (IITB),152,162,India,M,CO,VH,4,A,38.2,216,42.9,217,28.6,525,20.4,550,53.2,320,37.7,363,34
Indian Institute of Technology Delhi (IITD),182,172,India,M,CO,VH,4,A,23.7,354,23,407,6.4,601,55.5,180,91.7,155,91.5,102,33.4
Indian Institute of Technology Guwahati (IITG),491,472,India,M,CO,VH,3,B,36.5,227,56.3,142,19.2,601,1.7,601,7,601,2.3,601,25
Indian Institute of Technology Kanpur (IITK),291,283,India,M,CO,VH,4,A,32.6,258,51.5,164,3.2,601,53,197,3.9,601,30.1,431,31.2
Indian Institute of Technology Kharagpur (IITKGP),281,295,India,M,FO,VH,4,A,19.1,435,12.5,501,9.1,601,70.4,92,86.2,187,52.2,279,31.8
Indian Institute of Technology Madras (IITM),271,264,India,M,CO,VH,4,A,40.5,199,28.1,335,15.6,601,38.2,342,8,601,32.5,409,31.9
Indian Institute of Technology Roorkee (IITR),383,381,India,M,FO,VH,5,A,55.1,136,38.7,245,13.3,601,49.8,233,12.5,601,6.1,601,39.6
Indiana University Bloomington,312,323,United States,XL,FC,VH,5,A,30.4,276,65.7,110,9.1,601,73.5,77,98.4,91,50.1,288,42.8
ITMO University,436,511-520,Russia,M,FO,VH,5,A,27.1,311,13,501,80.4,142,21.3,535,42.9,374,40.3,344,36.8
Jagiellonian University,338,411,Poland,XL,FC,HI,5,A,35.4,233,40.5,235,7.8,601,95.4,19,35.2,425,11.8,601,41.3
James Cook University (JCU),377,369,Australia,L,FC,HI,3,A,26.1,320,4,501,26.5,561,44.1,286,7.6,601,4.5,601,25.7
Jilin University,484,475,China,XL,FC,VH,4,A,25,331,6.4,501,54.9,269,17.6,595,46.3,349,5.2,601,27.8
Johannes Gutenberg Universitat Mainz,410,407,Germany,XL,FC,VH,5,A,8.7,501,53.9,149,92.1,73,20.2,553,27.1,484,99.7,31,37.8
Johannes Kepler Universitat Linz (JKU),412,456,Austria,M,CO,VH,4,A,40.7,197,19.8,463,11.4,601,36.6,368,6.8,601,5.5,601,28.6
Johns Hopkins University,24,21,United States,L,FC,VH,5,A,100,7,99.1,16,93.3,69,67.9,102,11.1,601,26.2,469,84.3
Julius-Maximilians-Universitat Wurzburg,462,521-530,Germany,L,FC,VH,5,A,25.1,329,19.9,460,27.5,545,51.9,207,100,25,58.2,244,35.9
KAIST - Korea Advanced Institute of Science and Technology,41,40,South Korea,M,CO,VH,3,B,10.6,501,5.1,501,85.7,103,17.2,601,17.6,581,22.1,503,27.4
Katholieke Universiteit Leuven,80,81,Belgium,XL,FC,VH,5,A,81.1,61,56,143,44.8,336,75.9,70,79.5,219,52.5,278,69
Kazan Federal University,392,439,Russia,L,FO,VH,5,A,36.2,228,69.9,98,8.7,601,53.5,191,72.8,240,25.4,479,39
Keio University,200,198,Japan,XL,FC,VH,5,A,54.5,138,71.2,95,45.8,326,54.6,184,3.4,601,1.6,601,49.4
Khalifa University,268,315,United Arab Emirates,S,SP,VH,2,A,37.1,223,43.7,212,12.1,601,15.6,601,1.7,601,1.8,601,25
King Abdul Aziz University (KAU),186,231,Saudi Arabia,XL,FC,VH,4,A,18,462,63.6,114,6.7,601,76.2,69,35.2,426,27.8,454,33.4
King Fahd University of Petroleum & Minerals (KFUPM),200,189,Saudi Arabia,M,CO,VH,4,A,41.3,193,36.7,262,51.3,297,1.6,601,42.9,375,2.5,601,33.2
King Saud University (KSU),281,256,Saudi Arabia,XL,FC,VH,4,B,18.9,441,18.2,495,20.6,601,45.5,273,85.3,192,93.8,89,31.7
King's College London (KCL),33,31,United Kingdom,L,FC,VH,5,A,98.9,17,96.3,27,71.5,189,43.9,288,97.7,107,93,96,82.1
"KIT, Karlsruher Institut fur Technologie",124,116,Germany,L,CO,VH,4,A,23.7,355,21.9,427,82.7,130,17.8,591,27.2,480,23.3,492,34.4
Kobe University,395,352,Japan,L,FC,VH,4,A,14.3,501,20.2,454,19.5,601,38,346,98.3,93,91.2,103,28.8
Koç University,451,448,Turkey,M,CO,VH,3,B,11.7,501,11,501,41.2,373,27.3,454,29.6,463,80.9,144,25.1
Korea University,83,86,South Korea,L,FC,VH,5,A,86.1,54,51.4,165,17.4,601,99.2,11,55.8,313,40.5,342,67.9
"KTH, Royal Institute of Technology",98,104,Sweden,L,CO,VH,5,A,70.1,85,43.9,209,100,23,25.5,479,92.6,148,29.4,435,63.8
Kyoto University,33,35,Japan,L,FC,VH,5,B,85.9,55,80.2,78,100,22,62.8,128,76.1,231,49,295,81.5
Kyung Hee University,247,264,South Korea,L,FC,VH,4,A,22.8,365,17.7,501,80.8,141,18.3,584,5.8,601,18.8,543,32
Kyushu University,132,126,Japan,L,FC,VH,5,A,63.8,102,68.9,100,30.9,490,55.6,179,97.1,115,61.1,231,57.8
L.N. Gumilyov Eurasian National University,418,394,Kazakhstan,L,FO,HI,2,B,8.9,501,39,244,79.8,146,1,601,16.9,587,2.2,601,24.7
La Trobe University,400,397,Australia,L,CO,VH,4,A,9,501,14.6,501,88.3,90,4.8,601,13.4,601,85,127,28.7
Lancaster University,128,131,United Kingdom,L,FC,VH,4,A,14.9,501,27.8,336,97.9,46,11.4,601,32.7,440,39.3,349,34.3
Lappeenranta University of Technology,491,521-530,Finland,S,,,,A,14.5,501,10.5,501,43.8,346,33.5,399,27.9,476,9.1,601,24.2
Laval University,416,402,Canada,L,FC,VH,5,A,33.8,253,58.6,133,11,601,38,347,71.3,246,95.5,79,37.6
Leiden University,118,122,Netherlands,XL,FC,VH,5,B,63.1,103,57.5,138,53.8,276,62.1,132,33.8,435,88.6,115,60.5
Lincoln University,356,317,New Zealand,S,CO,VH,5,A,38.8,213,43.8,210,13,601,45.9,270,100,54,64.6,213,40
Linkoping University,324,302,Sweden,L,CO,VH,4,A,53.8,142,19.6,466,21.3,601,11.5,601,7,601,2,601,30.6
Lomonosov Moscow State University,84,90,Russia,XL,FC,VH,5,A,68.2,91,72,92,90.7,78,41.5,317,62.8,280,57.2,251,67.1
London School of Economics and Political Science (LSE),44,38,United Kingdom,M,SP,VH,5,A,99.2,15,98.1,21,24.1,587,75,73,97.6,109,100,23,79.5
Loughborough University,222,218,United Kingdom,L,FO,VH,4,A,14.4,501,5.3,501,22.8,601,60,143,96.1,121,96.9,64,32.6
Ludwig-Maximilians-Universitat Munchen,63,62,Germany,XL,FC,VH,5,A,97,28,89,52,46,321,42.2,308,90.8,164,79.3,147,74.1
Lund University,92,92,Sweden,L,FC,VH,5,A,89,43,58.1,135,13.5,601,86.3,42,19.3,556,67.2,198,65.9
M.O.Auezov South Kazakhstan State University,491,480,Kazakhstan,L,CO,MD,4,A,20.5,404,7.9,501,20.3,601,26.5,464,86.6,183,95.7,77,27.6
Maastricht University,239,211,Netherlands,L,CO,VH,3,A,27.6,306,61.2,123,23.9,590,12.7,601,3.7,601,34.8,389,26.5
Macquarie University,237,250,Australia,L,FC,VH,4,A,28.8,296,11.4,501,70.8,191,11,601,15.1,601,49,296,32.3
Mahidol University,314,380,Thailand,L,FC,VH,4,A,16.9,487,8.1,501,61.9,235,45,279,25.3,497,12.1,601,30.9
Massachusetts Institute of Technology (MIT),1,1,United States,M,CO,VH,5,B,100,5,100,4,100,15,99.8,7,100,43,94.1,87,100
Massey University,287,332,New Zealand,M,CO,VH,4,B,17.7,471,44.3,206,95.3,59,1.1,601,2.9,601,13.2,601,31.7
McGill University,35,33,Canada,L,FC,VH,5,A,85,57,71.3,94,59.5,242,89.5,33,100,16,87.5,120,80.6
McMaster University,140,146,Canada,L,FC,VH,5,A,88.3,47,73.3,90,25.2,577,35.2,384,8.9,601,3.7,601,55.5
Michigan State University,144,141,United States,XL,FC,VH,5,A,67.6,93,30.5,317,29.7,510,64.1,124,81,214,47,303,55.4
Monash University,58,59,Australia,XL,FC,VH,4,A,49.9,157,36.8,259,23.7,594,19,567,15.8,601,33.5,403,34.8
Moscow Institute of Physics and Technology State University,302,312,Russia,M,FO,VH,4,A,40.3,202,47.1,188,38.7,401,6.8,601,9.2,601,12,601,31.1
Moscow State Institute of International Relations MGIMO University,366,355,Russia,M,SP,MD,4,A,16.2,501,21.2,435,45,333,44.7,281,43.1,370,9.2,601,29.3
Nagoya University,115,111,Japan,L,FC,VH,5,A,60.3,120,73.2,91,52.4,290,49.7,234,92.1,152,82.1,137,60.8
Nanjing University,120,122,China,XL,FC,VH,5,A,63.8,101,67.3,105,66.7,209,41.3,318,81.1,213,27.6,456,59.5
Nankai University,368,338,China,L,FC,VH,5,A,34.1,246,39,243,30.6,497,43.2,297,84.5,194,61.2,227,39.7
Nanyang Technological University (NTU),11,12,Singapore,L,FC,VH,3,A,12.9,501,14.8,501,93,70,1.4,601,32.3,442,6.1,601,27.5
National Central University,427,415,Taiwan,M,CO,VH,4,A,8.7,501,8.7,501,100,7,15.9,601,5,601,12.3,601,28.5
National Cheng Kung University,225,234,Taiwan,L,FC,VH,4,A,9.8,501,14.7,501,97.6,48,6.7,601,46.2,350,74.1,170,32.4
National Chiao Tung University,227,208,Taiwan,M,CO,VH,5,A,49.6,158,52.5,158,74.9,165,17.7,594,37.5,411,46,309,47.9
National Research Nuclear University (Moscow Engineering Physics Institute),329,329,Russia,M,FO,VH,4,A,11.6,501,14.6,501,15.4,601,56.6,167,99.3,73,97.7,57,30.5
National Research University - Higher School of Economics (HSE),322,343,Russia,XL,FO,VH,3,A,21.2,388,66.8,106,35.9,433,4.3,601,29.2,466,21.5,510,25.8
National Sun Yat-sen University,410,402,Taiwan,M,CO,VH,3,A,17.9,464,7.9,501,29.6,512,37.6,352,56.3,311,21,516,25.3
National Taiwan Normal University,331,308,Taiwan,M,CO,VH,4,A,20.9,395,9.6,501,35.3,443,39.7,328,42.9,376,79.1,148,30.5
National Taiwan University (NTU),69,72,Taiwan,XL,FC,VH,4,A,39.5,205,47.3,186,43.4,353,1.9,601,94.5,135,5,601,34.7
National Taiwan University of Science and Technology,251,257,Taiwan,M,FO,VH,3,A,20.9,396,7,501,35.1,445,47.9,249,5,601,8.1,601,26.4
National Technical University of Athens,454,446,Greece,L,FO,VH,5,A,30.1,280,44.2,208,6.4,601,47.6,254,97.1,114,77,156,36.1
National Tsing Hua University,173,163,Taiwan,L,CO,VH,4,A,15.3,501,31.5,303,28.3,535,43,301,99.5,70,95.3,81,33.4
"National University of Ireland, Galway (NUIG)",259,260,Ireland,L,FC,HI,5,A,33.3,254,16.2,501,53.2,280,100,2,1.5,601,1.8,601,45.9
"National University of Science and Technology ""MISIS""",451,476,Russia,M,CO,VH,4,A,19.8,417,22,423,8.4,601,33.2,404,97.7,108,95.9,74,28.2
National University of Sciences and Technology (NUST) Islamabad,400,417,Pakistan,M,CO,VH,3,A,18.6,445,22.9,412,69.5,195,5.2,601,9.2,601,6.1,601,25.5
National University of Singapore (NUS),11,11,Singapore,XL,FC,VH,5,A,92.1,37,93.8,35,93.9,66,88.8,36,100,21,74.2,169,91.8
National Yang Ming University,287,292,Taiwan,S,FC,VH,3,A,19.6,424,25.9,365,14.7,601,12.8,601,99.5,68,100,21,26
New York University (NYU),39,43,United States,XL,FC,VH,5,A,92.2,36,93.8,33,63.3,225,58.4,154,93.7,144,96.2,71,80.4
Newcastle University,146,141,United Kingdom,L,FC,VH,4,A,58.3,127,48.2,177,5.5,601,3.6,601,21,538,61.2,228,34.2
North Carolina State University,285,279,United States,XL,CO,VH,5,A,47.5,164,47.6,178,28.3,537,44.4,284,71.3,245,40.9,340,44.1
Northeastern University,344,326,United States,L,CO,VH,5,A,30,283,63.3,116,34.4,453,40.4,324,82.8,204,72.1,177,41.2
Northwestern University,31,34,United States,L,FC,VH,5,A,96.9,29,81.3,72,37.5,417,87.4,40,100,41,99.8,30,82.1
Norwegian University of Science and Technology,359,363,Norway,XL,FC,VH,5,A,30,282,26.4,355,93.8,67,16.4,601,11.6,601,49.1,294,39.8
Novosibirsk State University,231,244,Russia,M,CO,VH,4,A,20.4,407,27.2,345,58.1,252,11.8,601,100,12,48.4,299,32.4
Ohio State University,101,89,United States,XL,FC,VH,5,B,70,86,85,59,83.1,126,35.4,381,15.2,601,44.7,317,63.4
Oregon State University,461,450,United States,L,CO,VH,5,B,22.2,378,23.8,392,62.7,230,49.2,240,7.6,601,39.4,347,36.1
Osaka University,71,67,Japan,L,FC,VH,4,A,26.1,321,47.5,180,26.4,562,28.2,449,94,138,75.4,161,34.7
Oxford Brookes University,376,363,United Kingdom,L,CO,HI,3,A,9.3,501,16.5,501,74.1,170,7.3,601,11,601,68.1,193,25.7
Pakistan Institute of Engineering and Applied Sciences (PIEAS),375,397,Pakistan,S,FO,VH,2,A,10.6,501,10.6,501,21.1,601,40.7,321,75.9,232,65.3,206,24.8
Peking University,22,30,China,XL,FC,VH,5,A,98.9,18,94.4,31,91,76,61.6,138,79.7,217,44.1,322,86
Pennsylvania State University,93,95,United States,XL,FC,VH,5,A,58.6,124,64.5,111,99.7,33,38.7,337,100,55,59.4,235,65.8
Peter the Great St.Petersburg Polytechnic University,439,404,Russia,L,FO,VH,5,A,41.9,189,20.1,458,37.6,414,41.9,313,21.7,529,17.5,563,36.8
Pohang University of Science and Technology (POSTECH),87,83,South Korea,S,FO,VH,3,A,26.9,314,27.8,337,28.2,538,22.4,516,26.7,488,43.8,325,27.3
Politecnico di Milano,149,156,Italy,XL,FO,VH,5,A,88.3,49,54,148,12.2,601,33.9,394,52.9,322,34.6,393,54.5
Politecnico di Torino,348,387,Italy,XL,FO,VH,5,A,42.8,184,46.9,189,10.1,601,45.9,269,98.9,82,52.6,276,40.7
Pontificia Universidad Catolica Argentina Santa Maria de los Buenos Aires (UCA),344,369,Argentina,L,FC,LO,4,A,9.9,501,25.7,371,99.9,26,1.1,601,15.6,601,54.7,267,30.3
Pontificia Universidad Catolica de Chile,127,132,Chile,L,FC,VH,5,A,64.5,99,54.8,146,66.8,208,51.5,214,58.1,305,6.8,601,58.4
Pontificia Universidad Catolica del Peru,474,551-560,Peru,L,FO,HI,5,A,26,322,55,145,8.2,601,65.9,114,34.2,433,61.2,229,35.6
Pontificia Universidad Javeriana,468,521-530,Colombia,L,FC,MD,5,A,16.9,484,28.3,332,66.4,211,14.3,601,100,11,98.3,51,35.8
Princeton University,13,13,United States,M,CO,VH,5,A,99.8,11,99.2,14,88.3,89,75.7,71,100,23,76.4,158,91.8
Purdue University,111,100,United States,XL,FC,VH,5,A,69.6,87,54.3,147,50.1,303,51.9,206,89.3,174,70.1,183,61.8
Qatar University,276,332,Qatar,M,FC,VH,3,A,11.5,501,10.2,501,31.3,482,39.3,331,73.5,239,53.6,272,26.2
Queen Mary University of London (QMUL),126,119,United Kingdom,L,FC,VH,5,A,59.3,121,43.7,211,28.5,528,73.7,75,99,81,99.1,39,58.6
Queen's University,239,239,Canada,L,FC,VH,5,B,25,332,7.4,501,100,18,42.4,307,67.3,260,90.6,107,47.3
Queen's University of Belfast,173,180,United Kingdom,L,FC,VH,5,A,40.1,204,47.4,181,55.6,265,69.9,94,90.1,167,37.4,369,52.4
Queensland University of Technology (QUT),224,244,Australia,XL,CO,VH,3,B,22.9,363,21.1,439,37.5,416,23.6,498,43.6,369,19.5,537,26.7
Radboud University Nijmegen,217,204,Netherlands,L,FC,VH,4,A,19.7,422,24.9,379,40.3,383,51.5,210,65.9,264,17.8,555,33
Rensselaer Polytechnic Institute,383,345,United States,M,CO,VH,5,A,30.6,271,47.3,184,23.6,598,40.5,323,96.5,120,95.8,75,39.5
Rheinische Friedrich-Wilhelms-Universitat Bonn,243,255,Germany,XL,FC,VH,5,A,47.5,165,59.6,129,32.2,470,65.8,116,24.6,506,18,552,46.8
Rheinisch-Westfalische Technische Hochschule Aachen,138,144,Germany,XL,FC,VH,5,A,60.5,118,38.6,246,90.6,79,37.3,361,17.7,578,21.3,513,55.8
Rice University,85,87,United States,M,FC,VH,5,A,80.8,62,67.5,104,80.3,143,46.2,262,23.1,519,14.3,601,66.5
RMIT University,238,250,Australia,XL,CO,VH,3,A,19.2,433,9.9,501,74.8,166,12,601,4.8,601,6.1,601,26.7
Royal Holloway University of London,291,236,United Kingdom,M,CO,VH,5,B,51.4,149,77.2,84,62.2,233,9.4,601,13.2,601,11.3,601,44
RUDN University,392,446,Russia,L,FC,MD,4,B,10.1,501,8.5,501,30.2,505,66.1,111,38.2,409,51.9,280,28.8
Ruhr-Universitat Bochum,432,372,Germany,XL,FC,VH,4,A,24.6,340,27.4,342,58.3,251,15.4,601,10.2,601,9,601,28.4
Ruprecht-Karls-Universitat Heidelberg,66,64,Germany,L,FC,VH,5,A,67.7,92,86.5,58,78.6,150,63.9,125,95.4,130,62.9,220,72.4
"Rutgers - The State University of New Jersey, New Brunswick",262,283,United States,XL,CO,VH,5,A,28.5,298,36.8,260,71.3,190,38.6,339,99,80,60.6,234,45.2
Saint-Petersburg State University,234,235,Russia,L,FC,VH,5,A,46.3,171,25.7,372,89.4,83,17.8,592,59.7,297,32.1,412,47.3
Sapienza - Universita di Roma,203,217,Italy,XL,FC,VH,5,A,64.4,100,47.3,182,26.2,566,17.9,587,98.3,94,92.5,99,49
Sciences Po Paris,242,221,France,M,SP,VH,5,A,36.9,225,63,119,25.6,572,56,173,98.2,100,90.7,105,47
Scuola Normale Superiore di Pisa,204,175,Italy,S,FO,VH,,A,18.7,443,39.7,237,33.9,454,10.6,601,18.2,569,57.5,248,24.2
Scuola Superiore Sant'Anna Pisa,177,167,Italy,S,FC,VH,3,A,25.9,325,31,308,4.5,601,50.6,223,38.2,410,11.6,601,27.1
Seoul National University (SNU),37,36,South Korea,L,FC,VH,4,A,26.1,319,41.4,227,60,240,32.9,408,27.2,481,5.7,601,34.9
Shandong University,468,541-550,China,XL,FC,VH,5,A,39,211,12.3,501,31.2,485,48.6,245,23.6,514,31.4,416,35.7
Shanghai Jiao Tong University,60,59,China,XL,FC,VH,5,A,71.2,82,88.2,55,46.4,318,90,32,99.3,75,87.8,118,74.2
Shanghai University,412,422,China,XL,CO,VH,3,A,15.5,501,6,501,31.8,477,55.8,174,10.1,601,6.2,601,25.2
Sharif University of Technology,407,432,Iran,M,FO,VH,4,A,25.3,327,11.7,501,16.2,601,60.7,142,30.6,456,6.7,601,28.6
Simon Fraser University,314,264,Canada,L,CO,VH,4,A,6.5,501,5.8,501,97.8,47,18.2,585,24.5,507,62.1,223,30.8
Singapore Management University,477,500,Singapore,M,SP,HI,2,B,12.6,501,26.2,358,35.5,441,20.9,540,82.2,208,30.1,430,24.6
"SOAS - School of Oriental and African Studies, University of London",309,288,United Kingdom,S,SP,VH,5,B,20.8,397,28.9,327,76.8,162,71.5,87,5.8,601,35.1,387,43.1
Sogang University,454,435,South Korea,M,CO,VH,4,B,15.6,501,36.9,256,84.4,118,1.9,601,6.1,601,12.2,601,28.2
Sorbonne University,77,75,France,XL,FC,VH,1,A,15.5,501,12.6,501,5.2,601,38.7,336,95.5,129,68.7,190,24.5
South China University of Technology,480,541-550,China,XL,CO,VH,4,A,11.2,501,29.1,324,52,292,25.2,484,77.4,226,20.6,521,27.8
Stanford University,2,2,United States,L,FC,VH,5,B,100,4,100,5,100,12,98.6,13,99.8,62,67.7,196,98.4
Stellenbosch University,427,405,South Africa,L,FC,VH,5,A,38,217,51.3,166,21.7,601,46.5,259,50.7,332,10.7,601,37.2
Stockholm University,191,200,Sweden,L,CO,VH,5,A,52.9,144,45.7,197,38,409,62.7,129,81.7,210,17.6,560,51
Stony Brook University,359,349,United States,L,FC,VH,4,B,18.3,456,35.1,272,30.2,504,13.4,601,100,8,100,5,29.6
Sultan Qaboos University,379,450,Oman,M,FC,HI,3,B,10.4,501,7,501,82,134,9.1,601,14.4,601,35.1,385,25.6
Sun Yat-sen University,287,295,China,XL,FC,VH,4,A,17,482,5.9,501,87.2,96,22.1,522,39.3,402,5.9,601,31.6
Sungkyunkwan University,95,100,South Korea,L,FC,VH,5,A,57.3,130,91.2,44,35.9,435,77.9,63,97.2,113,87.2,122,64.2
Swansea University,462,435,United Kingdom,L,FC,HI,4,B,12.2,501,20.1,455,82.7,128,2.2,601,40.3,394,40.9,341,28
Swinburne University of Technology,383,387,Australia,L,CO,VH,3,B,18.6,448,34.1,282,51.9,293,13,601,11.8,601,21,517,25.6
Taipei Medical University,379,362,Taiwan,M,FO,VH,4,A,44.3,180,6.7,501,8.2,601,23.4,502,39.5,400,42.7,331,28.9
Tampere University,395,,Finland,L,,,1,B,13.4,501,17.3,501,79.1,148,1.3,601,18.1,570,3.7,601,24.3
Technical University of Denmark,112,112,Denmark,M,FO,VH,5,A,76.5,71,80.4,76,31.6,478,67.8,104,21.4,533,38.6,353,61.7
Technion - Israel Institute of Technology,257,247,Israel,L,FC,VH,5,A,46.8,168,63,118,23.3,601,80.6,52,3.3,601,1.5,601,46.2
Technische Universitat Berlin,147,147,Germany,L,CO,VH,5,A,52.6,146,22.3,417,77.7,155,49.2,239,87.2,182,30.5,425,54.7
Technische Universitat Darmstadt,260,253,Germany,L,FO,VH,5,A,46,173,42.6,221,31.2,484,42.4,306,97.6,110,64.4,214,45.6
Technische Universitat Dresden,179,191,Germany,XL,FC,VH,5,A,55.2,135,55.5,144,55.4,266,27.5,453,91.1,160,61.8,225,52
Technische Universitat Graz,311,363,Austria,M,FO,VH,,A,20.3,409,18.8,488,13.1,601,42.8,304,20.1,547,39.3,348,24.2
Technische Universitat Munchen,55,61,Germany,XL,CO,VH,5,A,92.2,35,51.8,161,60.3,239,78.4,61,60.8,287,70.3,182,76.6
Technische Universitat Wien,192,199,Austria,M,FO,VH,5,A,41,195,73.7,89,47.7,310,43.4,294,89.9,169,84.7,128,50.9
Tecnologico de Monterrey (ITESM),158,178,Mexico,L,FC,HI,4,A,22.6,368,11.8,501,47.5,312,20.3,551,100,45,100,17,33.9
Tel Aviv University,219,230,Israel,L,FC,VH,4,A,16.6,495,9.3,501,59,247,46.9,256,61.4,286,20,534,32.9
TELECOM ParisTech,224,,France,S,SP,HI,1,A,35.6,231,60.2,125,13.1,601,4.7,601,8.2,601,2.2,601,24.4
Texas A&M University,189,203,United States,XL,FC,VH,5,A,44.3,181,80.6,75,10.1,601,68.2,99,98.3,97,93.8,88,51.2
The American University in Cairo,395,420,Egypt,M,CO,HI,5,A,22.3,377,32.6,294,89.1,85,5.1,601,56,312,99.2,37,38.9
The Catholic University of Korea,462,456,South Korea,M,FC,VH,5,A,22.5,370,29.3,323,25.4,574,45.3,276,96.6,119,97,62,35.9
The Chinese University of Hong Kong (CUHK),46,49,Hong Kong,L,FC,VH,4,A,18.6,447,12.4,501,26.8,557,55,181,98,102,95.2,82,34.8
The Hong Kong Polytechnic University,91,106,Hong Kong,L,CO,VH,3,A,22.4,373,13,501,43.2,354,32.9,407,16.9,589,17,569,27.3
The Hong Kong University of Science and Technology (HKUST),32,37,Hong Kong,M,CO,VH,3,A,16.4,499,19.1,483,18.2,601,53.3,195,70.1,250,21.3,511,27.4
The University of Adelaide,106,114,Australia,L,FC,VH,5,A,62.4,107,59.8,127,20.8,601,88.3,39,100,30,98.7,44,62.9
The University of Auckland,83,85,New Zealand,L,FC,VH,5,A,89.8,41,82.4,68,41.9,365,59.7,144,20.8,540,30.4,427,67.3
The University of Georgia,474,431,United States,XL,FC,VH,5,A,19.1,436,19.1,481,23.7,595,61.8,136,100,53,73.4,173,35.4
The University of Manchester,27,29,United Kingdom,XL,FC,VH,5,A,97.3,27,82.6,67,87.2,97,44.5,283,100,22,99.1,38,83.8
The University of Melbourne,38,39,Australia,XL,FC,VH,5,A,98.7,20,92.5,41,96.3,56,53.2,196,15.4,601,17.5,564,80.5
The University of New South Wales (UNSW),43,45,Australia,XL,FC,VH,4,A,41.6,191,37.5,252,43.2,355,11.7,601,19.4,555,46.6,306,34.8
The University of Nottingham,96,82,United Kingdom,XL,FC,VH,5,A,61.3,114,58.7,132,61,237,61.4,139,87.9,179,94.1,86,64.2
The University of Queensland (UQ),47,48,Australia,XL,FC,VH,5,B,95.9,31,95.6,29,97.6,49,24,497,33.5,437,93.4,94,78.8
The University of Sheffield,78,75,United Kingdom,L,FC,VH,5,A,91.1,39,83.2,65,52.6,285,45.7,271,61.5,285,37.7,362,69.6
The University of Sydney,42,42,Australia,XL,FC,VH,5,A,96.9,30,91.1,45,88,92,61.6,137,19.2,557,11.9,601,79.6
The University of Tokyo,22,23,Japan,L,FC,VH,5,A,99.1,16,99.6,12,72.3,182,73,79,70.7,248,36.9,372,84.3
The University of Warwick,62,54,United Kingdom,L,FC,VH,4,A,21,394,10.1,501,21.1,601,58.6,152,90.8,165,96.2,70,34.8
The University of Western Australia (UWA),86,91,Australia,L,FC,VH,5,A,71.1,83,81.7,71,15.1,601,100,6,60.4,291,65.8,203,66.2
Tianjin University,429,443,China,XL,CO,VH,5,A,22.4,372,24.4,385,73.7,176,16.1,601,90.9,163,61.1,230,37.1
Tilburg University,371,319,Netherlands,M,FO,VH,4,A,15.9,501,9.2,501,15,601,69.8,95,65.4,267,27.5,457,29
Tohoku University,82,77,Japan,L,FC,VH,5,A,72.2,79,58.9,131,63.7,223,55,182,93.7,143,96.5,67,68.2
Tokyo Institute of Technology,58,58,Japan,M,CO,VH,5,B,75.2,73,77.5,83,43.5,352,94.3,24,83.6,201,99.9,25,74.8
Tokyo Medical and Dental University,359,352,Japan,S,FO,VH,4,A,15,501,24.1,388,12.4,601,62.5,132,84.2,196,38.7,352,29.6
Tomsk Polytechnic University,387,373,Russia,M,FO,VH,5,A,37.1,222,63.1,117,12.3,601,29.2,444,100,39,93.2,95,39.2
Tomsk State University,268,277,Russia,M,CO,VH,5,A,54.7,137,16.8,501,34.7,451,46.2,263,82.3,206,15.7,589,44.8
Tongji University,265,291,China,XL,FC,VH,5,A,60.9,116,59.7,128,13.5,601,50.6,222,20.3,545,12.7,601,45
Trinity College Dublin (TCD),108,104,Ireland,L,FC,VH,5,A,56.2,132,26.1,362,81.1,140,98.5,14,16.9,588,5.7,601,62.3
Tsinghua University,16,17,China,XL,FC,VH,5,B,95.8,32,93.7,38,100,20,67.6,105,84,199,63.6,216,88.9
Tufts University,253,237,United States,M,FC,VH,5,A,74.7,74,46.3,194,6,601,46.8,257,14,601,13.5,601,46.6
Tulane University,419,412,United States,M,FC,VH,5,A,61.5,112,89.7,50,11.1,601,5.3,601,8.3,601,1.3,601,37.5
UCL (University College London),8,10,United Kingdom,XL,FC,VH,5,A,99.3,14,98.7,18,98.1,43,76.7,68,99.1,79,100,16,94.8
UCSI University,442,481,Malaysia,M,CO,MD,3,A,19.2,431,5,501,17,601,65.6,117,4.5,601,4.1,601,25.2
Umea University,340,338,Sweden,L,FC,VH,4,A,16,501,10.7,501,5.9,601,72.2,84,92.4,150,51.1,284,30.4
United Arab Emirates University,329,350,United Arab Emirates,M,FC,HI,3,B,16.3,501,31.4,304,49.8,305,18.4,580,39.9,398,6.7,601,25.7
Universidad Austral,400,367,Argentina,S,CO,MD,3,A,10.3,501,5.4,501,12.6,601,83.7,48,14.9,601,13.3,601,25.4
Universidad Autonoma de Madrid,192,159,Spain,L,FC,VH,4,A,27.3,309,23.2,404,13.2,601,51.2,219,98.9,84,41.1,339,33.2
Universidad Carlos III de Madrid,298,253,Spain,L,FO,VH,3,B,4.1,501,8.4,501,47.3,313,20.3,552,98.6,88,99.1,41,26
Universidad Complutense de Madrid (UCM),212,206,Spain,XL,FC,VH,5,A,50.9,153,44.7,203,87.8,95,13.1,601,24,510,38.9,351,48.3
Universidad de Belgrano,438,384,Argentina,M,CO,LO,4,B,24.6,344,37.4,253,43.7,348,5.7,601,93.9,141,3.8,601,28.4
Universidad de Buenos Aires,74,73,Argentina,XL,FC,VH,5,A,74.5,75,82.7,66,86.2,101,61.3,140,30.7,454,31.3,417,70.9
Universidad de Chile,189,208,Chile,XL,FC,VH,5,A,61.9,111,65.8,109,18.6,601,54.4,186,63.8,277,36.2,377,51.1
Universidad de Los Andes Colombia,234,272,Colombia,L,FC,HI,4,B,22.4,371,16.5,501,82.7,129,13.3,601,10.5,601,36.9,371,32.3
Universidad de Montevideo,491,531-540,Uruguay,S,FC,LO,2,B,3.8,501,4.5,501,59.3,245,50.2,227,3.7,601,8.1,601,24.5
Universidad de Navarra,245,242,Spain,M,FC,VH,4,C,7.6,501,49.2,173,71.8,186,1.2,601,88.6,178,100,11,32.1
Universidad de Palermo,383,420,Argentina,M,FO,MD,3,A,16.9,485,12.4,501,16.6,601,57.3,163,44.8,361,9.9,601,25.6
Universidad de Santiago de Chile (USACH),489,511-520,Chile,L,FC,MD,5,A,32,261,19.7,465,30.3,503,47.8,252,60.7,288,29.1,438,35
Universidad de Zaragoza,432,412,Spain,L,FC,VH,5,A,39.4,207,32,300,49.3,307,23.3,504,27.1,482,36.6,375,36.8
Universidad Externado de Colombia,480,407,Colombia,L,CO,LO,5,A,28.3,301,16.8,501,69,198,15.9,601,91.5,157,11.3,601,35.2
Universidad Nacional Autonoma de Mexico (UNAM),103,113,Mexico,XL,FC,VH,5,A,84.2,59,62.8,120,25,579,44.8,281,94.4,137,91.8,100,63.4
Universidad Nacional de Colombia,253,275,Colombia,XL,FC,HI,5,A,35.8,230,69.7,99,84.6,117,21.3,536,38.5,407,37.5,365,46.4
Universidad Politecnica de Madrid,435,470,Spain,XL,SP,VH,3,A,12.9,501,12.9,501,33.8,455,25.9,474,73.9,236,61,232,25.2
Universidad Politecnica de Valencia,336,310,Spain,L,CO,VH,4,B,2.6,501,3.3,501,99.3,39,42.9,302,,,11.6,601,30.5
Universidade de Sao Paulo (USP),116,118,Brazil,XL,FC,VH,4,A,34.7,240,35.2,270,53.1,282,22.1,521,10.4,601,28.8,440,34.5
Universidade Estadual de Campinas (Unicamp),214,204,Brazil,L,FC,VH,4,A,17.5,476,32.5,295,44.7,339,43.5,292,69.8,252,30.8,422,33
"Universidade Estadual Paulista ""Julio de Mesquita Filho""",482,491,Brazil,XL,FC,VH,3,A,11.9,501,5.8,501,57.9,254,18.4,579,40.8,391,47.3,301,25.1
Universidade Federal de Sao Paulo (UNIFESP),439,464,Brazil,L,FC,VH,4,A,9.7,501,66.4,107,8.1,601,31.8,422,100,49,93.5,91,28.3
Universidade Federal do Rio de Janeiro,358,361,Brazil,XL,FC,VH,4,A,20.3,408,10.4,501,22.6,601,36.7,367,98.2,101,74.5,166,29.8
Universidade Nova de Lisboa,421,405,Portugal,L,FC,VH,3,A,15.3,501,36.2,266,5.4,601,28,450,84.4,195,89.6,111,25.2
Universita degli Studi di Firenze (UNIFI),448,501-510,Italy,XL,FC,VH,4,A,19.2,434,23.4,397,17.3,601,68.1,100,12.7,601,6.6,601,28.2
Universita degli Studi di Milano,302,325,Italy,XL,FC,VH,4,A,18,461,32.4,296,94.2,63,1.7,601,5.5,601,20.6,523,31
Universita degli Studi di Napoli Federico II,424,472,Italy,XL,FC,VH,5,A,28.4,299,34.7,276,24.6,584,69.5,96,64,275,3.8,601,37.2
Universita degli Studi di Padova (UNIPD),234,249,Italy,XL,FC,VH,5,A,53,143,24.4,386,38.6,402,50.6,221,64.9,271,48.3,300,47.3
Universita degli Studi di Trento,389,426,Italy,L,CO,VH,4,A,9.7,501,9.8,501,85.3,108,5.5,601,99.2,77,16.9,570,28.9
Universita di Bologna (UNIBO),177,180,Italy,XL,FC,VH,5,A,54.1,140,34.8,275,50.9,298,70,93,26.4,491,26.5,464,52.1
Universita di Pisa,389,422,Italy,XL,FC,VH,5,A,22.1,380,22.1,420,24.6,583,65.1,119,97.4,111,100,15,39
Universitas Gadjah Mada,320,391,Indonesia,XL,FC,MD,4,A,34.2,242,39.5,240,62,234,2.1,601,1.8,601,1.5,601,30.7
Universitat Autonoma de Barcelona,188,193,Spain,XL,FC,VH,4,A,22.3,376,19.3,478,3.4,601,95.3,20,27.1,485,25.4,478,33.3
Universitat de Barcelona (UB),165,166,Spain,XL,FC,VH,5,A,40.4,201,27,347,52.5,288,70.6,91,94.5,134,97.3,60,53.2
Universitat des Saarlandes,468,461,Germany,L,FC,HI,4,A,21.8,382,11.1,501,54.7,273,20.9,543,34.5,429,22.8,496,27.9
Universitat Erlangen-Nurnberg,319,299,Germany,XL,FC,VH,5,A,31,269,34.3,278,21.6,601,66.9,108,93.4,145,86.4,123,42.7
Universitat Frankfurt am Main,291,279,Germany,XL,FC,VH,5,A,26.8,315,20.1,457,85.2,111,40.1,327,100,20,21.8,506,44
Universitat Freiburg,169,186,Germany,L,FC,VH,5,A,56.3,131,47.1,187,84.4,119,34.2,391,20,548,15,592,52.9
Universitat Hamburg,227,223,Germany,XL,FC,VH,5,B,19.9,415,17.1,501,92,74,65.8,116,53.7,317,73.9,171,47.8
Universitat Innsbruck,266,279,Austria,L,FC,HI,5,A,71.6,81,90.8,47,16.3,601,14.5,601,10.1,601,8.4,601,45
Universitat Jena,340,326,Germany,L,FC,VH,5,A,45.3,175,16.7,501,16.9,601,64.4,122,37.4,413,65.6,204,41.3
Universitat Koln,308,306,Germany,XL,FC,VH,5,A,34,249,60.7,124,98.6,41,1.2,601,40.8,390,26.1,471,43.1
Universitat Konstanz,424,397,Germany,M,CO,VH,4,A,10.7,501,19.1,484,83.5,124,1.5,601,10.7,601,93.7,90,28.5
Universitat Mannheim,314,338,Germany,M,FO,VH,5,A,64.6,98,71.6,93,26.6,559,14.5,601,3.6,601,24.1,487,42.7
Universitat Politecnica de Catalunya,300,275,Spain,L,CO,VH,3,A,18.2,458,20.8,445,46,323,26.7,461,30.9,451,8.5,601,26
Universitat Pompeu Fabra,285,298,Spain,M,CO,VH,3,A,10.9,501,41.9,226,13.2,601,35.7,379,97.3,112,54.4,270,26
Universitat Stuttgart,279,260,Germany,L,CO,VH,5,A,57.4,129,64,113,45.8,327,24,496,9.9,601,14.1,601,44.7
Universitat Ulm,340,332,Germany,M,CO,VH,4,A,17.7,470,14.6,501,94,65,2.1,601,15.7,601,34.7,392,30.4
Universitat Wien,154,175,Austria,XL,FC,VH,5,A,46.3,172,88.9,54,29.5,514,72.6,83,60,294,64.3,215,54.2
Universite Aix-Marseille,491,453,France,XL,FC,VH,1,A,11,501,10.2,501,11.6,601,67.1,107,39.3,401,22.5,501,24.3
Universite Catholique de Louvain (UCL),167,165,Belgium,L,FC,VH,3,A,23,361,19.5,469,32.8,462,36.3,374,20.7,541,20.3,528,27.1
Universite de Bordeaux,458,489,France,XL,FO,VH,1,A,33.9,250,4.9,501,13.5,601,25,485,23.6,516,26.6,463,24.3
Universite de Montpellier,498,422,France,XL,CO,VH,1,A,10.8,501,11.4,501,72.2,183,1.8,601,1.3,601,78.4,150,24.3
Universite de Montreal,137,149,Canada,XL,FC,VH,5,A,50.6,156,24.5,383,67.9,202,51.8,208,90.9,162,94.6,84,56.1
Universite de Strasbourg,379,348,France,XL,FC,HI,2,A,12.1,501,3.9,501,21.2,601,71.3,88,13.5,601,4.3,601,24.7
Universite Grenoble-Alpes (UGA),351,289,France,XL,FC,VH,1,A,7,501,6.1,501,94.1,64,1,601,17.1,584,17.7,557,24.3
Universite Libre de Bruxelles (ULB),251,239,Belgium,L,FC,VH,5,,14.6,501,8,501,86.2,100,99.3,10,2.1,601,52.5,277,46.6
Universite Paris 1 Pantheon-Sorbonne,305,299,France,XL,FO,HI,5,,22.4,374,7.3,501,100,16,57.7,158,19.7,551,21.1,515,43.4
Universite Paris-Sud 11,262,239,France,L,CO,VH,5,A,21.1,391,35.1,271,39.8,387,81.2,51,94.4,136,83,132,45.2
Universite PSL (Paris Sciences & Lettres),53,50,France,L,,,1,A,16.6,494,12.6,501,53.1,281,25.2,482,13.9,601,3,601,24.5
Universiti Brunei Darussalam (UBD),298,323,Brunei,S,CO,VH,3,A,14.6,501,4.9,501,79.8,145,14.7,601,8.5,601,6.1,601,26
Universiti Kebangsaan Malaysia (UKM),160,184,Malaysia,L,FC,VH,3,A,24.2,347,8.5,501,37.6,415,24.2,491,56.7,310,27.5,458,27.2
Universiti Malaya (UM),70,87,Malaysia,L,FC,VH,5,B,61.9,110,58.2,134,81.1,139,86.6,41,86,189,56,261,71.5
Universiti Putra Malaysia (UPM),159,202,Malaysia,L,FC,VH,3,A,31.6,263,15.4,501,6,601,57.4,161,3.1,601,1.1,601,27.2
Universiti Sains Malaysia (USM),165,207,Malaysia,L,FC,VH,4,A,15.1,501,8.6,501,91.4,75,25.9,473,29.1,470,31.8,414,33.5
Universiti Teknologi Brunei,379,442,Brunei,S,FO,HI,3,A,18.7,444,45,202,9,601,56.3,170,1.6,601,7.3,601,25.6
Universiti Teknologi Malaysia (UTM),217,228,Malaysia,L,CO,VH,3,A,17.9,467,3.5,501,21.5,601,71.6,86,9,601,6.2,601,27
Universiti Teknologi Petronas (Petronas),482,521-530,Malaysia,M,SP,VH,2,A,9.9,501,6,501,28,539,42.1,309,59.8,295,57.3,250,24.5
University at Buffalo SUNY,340,313,United States,L,FC,VH,5,A,41.7,190,16.8,501,49.1,308,47.7,253,47.3,345,21.7,507,41.3
University College Cork (UCC),310,338,Ireland,L,FC,VH,5,A,34.1,244,31,309,32.8,461,57.4,162,100,60,63.4,217,43.1
University College Dublin (UCD),185,193,Ireland,L,FC,VH,5,A,44.6,179,21.9,426,96.2,57,49,242,15.3,601,23.6,491,51.2
University of Aberdeen,194,172,United Kingdom,L,FC,VH,5,A,53.9,141,77.7,81,47.6,311,30.2,434,42,382,69.3,187,50.6
University of Alberta,113,109,Canada,XL,FC,VH,5,A,69.2,89,81.2,73,45.5,328,41.6,316,84.1,197,81.8,139,61.7
University of Amsterdam,64,57,Netherlands,L,FC,VH,5,A,59,122,41.3,230,89.7,81,89.4,34,100,14,95.3,80,73.6
University of Antwerp,223,223,Belgium,L,FC,VH,3,A,18.5,450,25.5,374,25.3,575,33.5,396,45.9,352,57.8,246,27
University of Arizona,262,246,United States,XL,FC,VH,5,A,61.1,115,38.4,248,14.1,601,54.7,183,30.7,455,26.6,460,45.1
University of Basel,151,160,Switzerland,M,FC,VH,5,A,60.7,117,30.3,318,31,487,84.2,47,68.6,258,11.1,601,54.5
University of Bath,172,158,United Kingdom,L,CO,VH,4,A,40.7,198,24.5,384,30.5,499,25.4,480,45.3,356,24.6,482,33.5
University of Bergen,163,171,Norway,M,FC,VH,4,A,28.8,295,30,319,36.1,431,24.1,493,93,146,46.8,304,33.7
University of Bern,123,139,Switzerland,M,CO,VH,5,A,90.9,40,91,46,57.6,256,3.8,601,13.8,601,4.3,601,58.8
University of Birmingham,81,79,United Kingdom,L,FC,VH,5,A,94.2,34,83.3,64,12.1,601,93.4,27,6.9,601,18.6,548,68.6
University of Bristol,49,51,United Kingdom,L,FC,VH,5,A,85,58,74.5,88,73.9,175,98.1,16,25.8,494,10.1,601,77.9
University of British Columbia,51,47,Canada,XL,FC,VH,5,A,91.2,38,95.7,28,19.8,601,84.5,46,100,48,98.5,48,77.1
University of Calgary,233,229,Canada,XL,FC,VH,4,A,39.3,209,39.8,236,51.3,296,3.7,601,29.2,465,1.6,601,32.3
"University of California, Berkeley (UCB)",28,27,United States,XL,FC,VH,5,A,94.9,33,97.7,22,74.1,172,51.5,211,92.6,149,98.6,46,82.7
"University of California, Davis (UCD)",104,100,United States,XL,FC,VH,5,A,73.6,77,84.9,60,99.7,34,7.2,601,18,571,56.1,260,63.2
"University of California, Irvine (UCI)",219,169,United States,XL,FC,VH,4,A,29.5,288,36.9,257,29.9,509,37.4,355,43.8,367,29.3,436,32.7
"University of California, Los Angeles (UCLA)",35,32,United States,XL,FC,VH,5,A,88.5,46,80.4,77,82.3,132,52,205,98.5,89,99.8,29,80.5
"University of California, Riverside (UCR)",454,384,United States,L,FC,VH,4,A,24.9,335,36.9,258,11.7,601,37.4,357,83.5,202,10,601,28.2
"University of California, San Diego (UCSD)",45,41,United States,XL,FC,VH,4,A,29.9,284,32.4,297,14.1,601,82.3,49,1.9,601,1.3,601,34.8
"University of California, Santa Barbara (UCSB)",135,132,United States,L,CO,VH,5,A,30.5,274,27.1,346,99.9,24,65.9,115,99.5,67,83,131,57.4
"University of California, Santa Cruz (UCSC)",367,336,United States,L,CO,VH,4,A,5.4,501,4.6,501,96.4,55,36.2,375,,,,,29.2
University of Cambridge,7,6,United Kingdom,L,FC,VH,5,A,100,2,100,2,100,10,74.2,74,100,58,97.6,58,95
University of Canberra,484,601-650,Australia,M,CO,VH,3,A,6,501,2.4,501,99.9,25,10,601,4.6,601,2.6,601,25.1
University of Canterbury,227,231,New Zealand,L,CO,VH,5,B,51.3,150,45.5,199,10.4,601,68.4,98,89,176,44.7,318,47.7
University of Cape Town,198,200,South Africa,L,FC,VH,5,B,46.8,169,68.4,103,77.2,161,30.8,431,25.4,496,34.8,390,50.3
"University of Chemistry and Technology, Prague",355,,Czech Republic,S,FO,VH,5,A,47.7,163,15.5,501,41,374,38.4,340,45.3,355,22.6,497,40
University of Chicago,10,9,United States,L,FC,VH,5,B,99.5,13,93.7,37,96.5,54,78.5,60,70.2,249,81,143,92
University of Coimbra,406,407,Portugal,L,FC,VH,5,A,62.4,108,56.5,141,25.6,573,8.5,601,11.5,601,2.5,601,38.3
University of Colorado at Boulder,206,190,United States,XL,CO,VH,5,A,66.2,95,26.1,360,31.9,476,58.2,156,6.9,601,18.8,545,48.6
University of Colorado at Denver,392,397,United States,L,FC,VH,5,A,24.6,342,18.5,493,44.5,342,48.5,246,83.1,203,89.1,112,39
University of Connecticut,377,373,United States,L,FC,VH,5,B,54.4,139,87.9,56,27.6,543,8.1,601,32.1,445,3.1,601,39.6
University of Copenhagen,81,79,Denmark,XL,FC,VH,5,A,80,65,50.6,168,96.7,51,34.8,385,52.8,323,44.2,319,68.4
University of Delaware,491,439,United States,L,CO,VH,5,A,31.6,262,30.9,310,17.3,601,55.6,178,66.3,263,25.8,473,35
University of Delhi,474,487,India,L,FC,HI,4,A,24.7,339,19.4,473,36.5,428,37.6,353,15.6,601,8.6,601,27.9
University of Dundee,302,272,United Kingdom,L,FC,HI,4,A,44.7,178,9.3,501,13.4,601,33.2,401,25.1,499,30.8,421,31
University of East Anglia (UEA),314,269,United Kingdom,L,FC,HI,4,A,8.7,501,10,501,44,344,37.9,349,95.9,124,98.8,43,30.7
University of Eastern Finland,498,481,Finland,M,CO,VH,3,A,24.5,345,26.3,357,16.1,601,36.6,370,32.1,443,6.6,601,25
University of Edinburgh,20,18,United Kingdom,XL,FC,VH,5,A,75.6,72,77.6,82,96.6,52,98.9,12,100,13,100,13,87.4
University of Essex,370,355,United Kingdom,L,CO,HI,4,A,15,501,11.8,501,9.6,601,56.1,172,94,140,77.9,154,29
University of Exeter,163,154,United Kingdom,L,FC,VH,4,,12.8,501,11.2,501,88.4,88,17.4,600,67.1,261,54.5,268,33.6
University of Florida,167,180,United States,XL,FC,VH,5,A,80.2,64,49,174,5.4,601,46,268,62.8,279,49.4,292,53
University of Geneva,110,108,Switzerland,L,FC,VH,5,A,61.3,113,43.7,213,74.1,173,46.3,261,100,50,74.8,165,61.9
University of Ghent,130,138,Belgium,XL,FC,VH,5,B,43.8,182,18.8,489,99.8,32,59.2,147,78.9,223,59.3,236,58.3
University of Glasgow,67,69,United Kingdom,L,FC,VH,5,A,80.2,63,99,17,89.1,86,26.9,458,60.6,290,76.8,157,72.3
University of Gothenburg,256,269,Sweden,L,FC,VH,5,A,42.2,185,32.9,292,50.5,299,34.4,389,86.5,184,93.4,93,46.3
University of Groningen,114,120,Netherlands,L,FC,VH,5,B,58.4,126,74.6,87,85.7,104,49.3,236,21.3,535,38.1,358,61
University of Hawaii at Manoa,326,302,United States,L,FC,VH,5,A,67.5,94,34.5,277,21.1,601,32.7,409,9.9,601,4.3,601,42.1
University of Helsinki,107,110,Finland,L,CO,VH,5,B,41.3,194,40.8,233,99.9,27,99.3,9,35.3,423,3.6,601,62.6
University of Hong Kong (HKU),25,25,Hong Kong,L,FC,VH,5,B,89,44,84.2,62,99.4,38,80.3,55,12.4,601,59.3,237,83.8
University of Illinois at Urbana-Champaign,75,71,United States,XL,FC,VH,5,A,43.8,183,99.3,13,99.6,36,66.3,109,95.2,131,97.9,54,70.5
"University of Illinois, Chicago (UIC)",231,214,United States,L,FC,VH,5,A,50.9,154,48.3,176,74,174,29.6,440,18.7,563,13,601,47.7
University of Indonesia,296,292,Indonesia,XL,FC,HI,5,B,58.6,123,86.9,57,32.2,470,7.9,601,31.6,448,35.8,379,43.7
University of Iowa,421,435,United States,L,FC,VH,5,A,37.7,220,12.2,501,57.1,259,32,417,43.7,368,17.6,562,37.3
University of Jyvaskyla,346,336,Finland,M,CO,VH,4,A,19.8,419,7.9,501,11.9,601,79.2,58,44.8,362,18.7,546,30.2
University of Kansas,372,367,United States,L,FC,VH,5,A,38.6,215,31.3,305,87.9,93,6,601,6.9,601,35.8,380,39.6
University of Kent,368,355,United Kingdom,L,CO,VH,4,A,26.7,316,57.8,136,15.5,601,13.9,601,61.7,283,72.1,176,29.1
University of Lausanne,153,149,Switzerland,L,CO,VH,5,A,62.8,105,32.3,299,42.5,361,66,113,56.7,309,28.1,452,54.5
University of Leeds,93,93,United Kingdom,XL,FC,VH,5,A,89.2,42,45.9,196,59.7,241,36.2,377,47.8,344,56.5,257,64.9
University of Leicester,239,223,United Kingdom,L,FC,VH,4,A,24.1,348,9.7,501,84.1,122,15.4,601,13.8,601,17.1,567,32.2
University of Liege,429,391,Belgium,L,FC,VH,5,A,20,414,71.1,96,6.5,601,72.9,81,51.9,325,65,207,37
University of Lisbon,338,355,Portugal,XL,FC,VH,1,A,6.6,501,17.2,501,23.6,599,56.3,169,49.4,339,28.6,444,24.3
University of Liverpool,181,164,United Kingdom,L,FC,VH,5,A,55.3,134,97.2,24,13,601,59,149,42.4,381,68.2,191,51.9
University of Macau,387,443,Macau,M,FO,VH,3,A,32.7,257,5.7,501,28.9,518,6.5,601,51.4,328,41.6,336,25.5
"University of Maryland, Baltimore County",460,453,United States,M,FC,VH,4,A,28.4,300,23.4,398,18.5,601,35.6,380,62,281,10.6,601,28.2
"University of Maryland, College Park",136,126,United States,XL,FC,VH,5,A,58,128,41.4,228,57,260,48.8,244,91.6,156,80.8,145,57.3
"University of Massachusetts, Amherst",305,259,United States,L,CO,VH,5,A,33.2,255,34.9,274,32.7,463,53.4,193,94,139,88.9,114,43.3
University of Miami,271,242,United States,L,FC,VH,4,A,18.5,452,8.7,501,81.4,137,25.2,483,29.6,461,13.2,601,31.8
University of Michigan,21,20,United States,XL,FC,VH,5,A,97.5,24,93.7,36,85.6,105,53,198,98,103,98.6,47,86.2
University of Minnesota,156,156,United States,XL,FC,VH,5,A,37.4,221,22,424,95.6,58,57.7,159,38.6,406,82.1,138,54
University of Newcastle,207,214,Australia,L,FC,VH,4,A,22.6,367,33,291,94.8,62,2.1,601,9.6,601,16.7,573,33.1
"University of North Carolina, Chapel Hill",90,83,United States,XL,FC,VH,5,A,87.2,53,91.3,43,77.4,156,2.4,601,50.7,333,64.7,211,66
University of Notre Dame,210,212,United States,L,CO,VH,5,A,44.8,177,44.4,204,73.2,178,20.9,541,58.8,300,82.3,135,48.4
University of Oslo,119,135,Norway,L,FC,VH,5,A,47.5,166,68.4,102,63,229,72.8,82,96.9,116,48.7,297,60.5
University of Otago,176,175,New Zealand,L,FC,VH,5,A,62.5,106,20.1,456,14.8,601,86.2,43,69.1,255,29.6,432,52.3
University of Ottawa,281,289,Canada,XL,FC,VH,5,A,25.9,323,24.7,382,90,80,29.7,436,85.9,191,65,208,44.5
University of Oulu,374,376,Finland,M,FC,VH,4,B,9.6,501,12.3,501,87,98,21.6,533,22.1,521,18.8,544,28.9
University of Oxford,4,5,United Kingdom,L,FC,VH,5,A,100,3,100,3,100,8,84.7,45,99.7,64,98.5,50,97.2
University of Paris,253,,France,XL,,,1,A,11.7,501,15.2,501,18.7,601,71.2,89,,,1.5,601,24.3
University of Pennsylvania,15,19,United States,L,FC,VH,5,B,98.7,19,90.4,49,65.7,215,95.1,21,93.8,142,72.3,174,89.3
University of Pittsburgh,140,136,United States,L,FC,VH,5,A,65.8,96,32.6,293,46.2,319,56.9,165,65.5,265,37.1,370,55.5
University of Porto,353,328,Portugal,L,FC,VH,5,B,34.2,243,42.8,218,67.6,205,26.7,462,16.6,593,47.3,302,40.1
University of Reading,205,195,United Kingdom,L,CO,VH,5,B,26.9,312,11.8,501,99.7,35,59.1,148,49.4,338,45.2,311,48.6
University of Rochester,170,184,United States,M,FC,VH,5,A,55.5,133,49.2,172,85.6,106,32.6,411,18.6,565,21.5,509,52.9
University of Saskatchewan,439,461,Canada,L,FC,VH,5,A,32.2,260,9.6,501,26.2,568,58.4,153,89.1,175,27.9,453,36.7
University of Science and Technology Beijing,462,500,China,L,CO,VH,4,A,11.8,501,23.7,394,14.2,601,88.3,38,5.2,601,2,601,28
University of Science and Technology of China,89,98,China,L,CO,VH,4,A,30.5,275,51.5,163,60.7,238,9.7,601,36.5,418,25.2,481,34.6
University of South Australia (UniSA),274,264,Australia,L,CO,VH,3,A,11.7,501,5.1,501,93,71,10,601,5.5,601,1.8,601,26.2
University of Southampton,97,96,United Kingdom,L,FC,VH,5,A,79.1,67,64.3,112,11.8,601,85.3,44,90,168,37.5,366,64.1
University of Southern California,129,115,United States,XL,FC,VH,5,A,62,109,51.2,167,35.8,438,56.8,166,99.5,69,93.5,92,58.3
University of Southern Denmark,372,376,Denmark,L,FO,VH,4,A,12.1,501,14.8,501,74.5,167,11.2,601,100,51,7.6,601,28.9
University of St Andrews,100,97,United Kingdom,M,FC,VH,5,A,69.5,88,59.1,130,98.2,42,43.1,299,12.7,601,17.6,558,63.7
University of St Gallen (HSG),398,375,Switzerland,M,SP,VH,5,A,49.6,159,16.7,501,46.6,317,22.3,517,40.9,388,26.4,467,38.8
University of Stirling,478,417,United Kingdom,M,CO,VH,4,B,14.1,501,21.1,436,77.3,157,11,601,16.5,595,29.6,433,27.8
University of Strathclyde,296,268,United Kingdom,L,CO,VH,4,A,15.5,501,19.5,468,11.2,601,54.2,187,95.7,126,98.7,45,31.1
University of Surrey,274,248,United Kingdom,L,CO,VH,4,A,18.8,442,3.7,501,98,45,14,601,,,28.6,443,31.8
University of Sussex,246,227,United Kingdom,L,FC,HI,4,B,27.6,305,26.1,361,36.9,424,31.9,421,37.5,412,53,275,32
University of Tartu,301,321,Estonia,M,FC,VH,5,A,72.9,78,33.3,287,5.7,601,43.8,290,10.1,601,8.5,601,43.5
University of Tasmania,291,287,Australia,L,CO,VH,5,B,28.2,302,25.4,376,100,6,36,378,23.7,513,32.8,406,44
University of Technology Sydney (UTS),140,160,Australia,L,CO,VH,3,A,14.3,501,8.8,501,8.6,601,48.9,243,91.4,158,88.1,117,27.2
University of Tennessee,407,419,United States,L,FC,VH,5,B,27.1,310,32.4,298,87.8,94,18.4,578,15.2,601,41.1,338,38.3
University of Texas at Austin,65,63,United States,XL,FC,VH,5,,77.7,69,98.6,20,100,21,26.2,470,67.1,262,72.1,175,73.4
University of the Philippines,356,384,Philippines,XL,FC,MD,5,A,32.4,259,47.3,185,19.5,601,52.7,201,100,26,51.8,281,39.9
University of The Witwatersrand,400,381,South Africa,L,FC,VH,5,B,31,267,75.1,86,44.1,343,25.8,477,21.6,530,68.1,192,38.5
University of Toronto,29,28,Canada,XL,FC,VH,5,A,100,6,99.9,8,30.9,489,97.7,17,92.4,151,39.7,346,82.6
University of Tromso,389,369,Norway,L,FC,HI,4,A,13.7,501,19.6,467,11.7,601,93.8,25,,,3,601,28.8
University of Tsukuba,270,260,Japan,L,FC,VH,3,B,7.7,501,19,486,89.2,84,1.1,601,6.9,601,55.8,262,26.3
University of Turku,287,285,Finland,L,FC,VH,4,A,34.8,239,31.2,306,42.2,364,20,556,25.8,493,9.4,601,31.3
University of Twente,186,172,Netherlands,M,FO,VH,4,A,19.2,432,8.8,501,37.8,411,47.9,251,81.2,212,71.1,179,33.4
University of Utah,353,345,United States,L,FC,VH,5,A,28.9,293,52.1,160,45.8,325,54.6,185,29.1,471,31.5,415,40
University of Victoria,364,359,Canada,L,CO,VH,4,A,15.3,501,15.6,501,82.5,131,18.5,576,14.7,601,14.1,601,29.4
University of Virginia,198,192,United States,L,FC,VH,5,A,30.4,277,25,378,37.8,410,91.3,28,100,24,86.4,124,50
University of Waikato,266,274,New Zealand,M,CO,VH,4,A,33.8,252,39.5,239,59.3,244,6.5,601,4.8,601,17.6,561,31.9
University of Warsaw,349,394,Poland,XL,CO,VH,5,A,40.8,196,53.4,152,42.5,360,39.7,329,17.7,579,26.4,466,40.4
University of Washington,68,66,United States,XL,FC,VH,5,A,87.8,52,49.7,169,85.5,107,50,228,57.2,308,30.9,420,71.8
University of Waterloo,173,163,Canada,XL,CO,VH,4,A,38.9,212,33.2,289,61.4,236,6.7,601,8.9,601,5.9,601,33.4
University of Wisconsin-Madison,56,53,United States,XL,FC,VH,5,A,87.9,51,61.5,121,67.7,204,56.2,171,100,52,91.7,101,75.9
University of Wollongong,212,218,Australia,L,FC,VH,3,A,16.8,488,25.9,364,39.1,398,16.2,601,79.6,218,51,285,27
University of York,148,134,United Kingdom,L,FC,VH,4,A,42.1,186,16.6,501,18.1,601,51.3,216,16.2,597,18,553,34.2
University of Zurich,76,78,Switzerland,L,FC,VH,5,A,79.6,66,93.6,39,53.7,277,65.5,118,84.1,198,20.1,531,70.5
Uppsala University,116,117,Sweden,L,FC,VH,5,A,50.8,155,52.5,157,59,248,68.1,101,96.1,122,92.8,97,60.6
Ural Federal University,364,412,Russia,L,CO,VH,4,A,19.3,430,18.4,494,39.9,385,32.2,414,73.6,237,33,405,29.4
Utrecht University,120,124,Netherlands,XL,FC,VH,5,A,30.9,270,65.9,108,62.5,231,97.1,18,98.3,95,57.5,247,58.9
V.N. Karazin Kharkiv National University,491,481,Ukraine,L,FC,MD,5,A,29.1,292,30.7,314,24.3,585,27.7,452,98.6,87,94.8,83,34.9
Vanderbilt University,200,195,United States,L,FC,VH,5,A,35.3,234,23,411,68.4,200,52.8,200,99.2,76,69,188,49.2
Victoria University of Wellington,215,221,New Zealand,L,CO,VH,5,A,34.1,247,13,501,79.5,147,60.8,141,88.6,177,10.1,601,48.1
Vilnius University,458,488,Lithuania,L,FC,HI,5,A,35.3,236,47.3,183,28,540,56.4,168,3.4,601,1.6,601,36.1
Virginia Polytechnic Institute (Virginia Tech),327,338,United States,XL,FC,VH,5,A,42,188,29.9,320,12.2,601,67.9,103,64.1,273,56.6,256,42
Vrije Universiteit Amsterdam,219,231,Netherlands,L,FC,VH,5,A,38.8,214,57.2,139,41.5,370,49,241,92,153,80.6,146,48.1
Vrije Universiteit Brussel (VUB),195,188,Belgium,M,FC,VH,5,A,42,187,40.8,234,56.8,261,51.3,217,91,161,66,202,50.5
Wageningen University,125,125,Netherlands,L,FO,VH,5,B,62.9,104,78.3,80,85,114,30.6,432,15.4,601,33.1,404,58.7
Wake Forest University,398,387,United States,M,FC,VH,5,B,24.6,341,52.9,154,63.1,228,15.2,601,90.2,166,64.6,212,38.7
Waseda University,202,208,Japan,XL,CO,VH,5,A,48.6,160,38.3,249,52.5,289,37.9,348,79.1,222,69.8,184,49
Washington State University,400,391,United States,L,FC,VH,5,A,28.7,297,11,501,29.3,516,51.2,218,96.9,117,95.6,78,38.4
Washington University in St. Louis,108,100,United States,L,FC,VH,5,A,68.7,90,53.3,153,88.3,91,46,267,35.6,422,11.3,601,62.2
Wayne State University,484,439,United States,L,FC,VH,5,A,21,392,53.4,151,100,17,1.2,601,8.5,601,12.4,601,35.1
Western Sydney University,468,498,Australia,XL,FC,HI,3,A,16.4,500,10.4,501,27.5,548,55.7,177,9.3,601,5.5,601,25.1
Western University,211,214,Canada,L,FC,VH,5,A,35.4,232,10.4,501,97,50,47.9,250,59.5,298,20.3,526,48.3
Westfalische Wilhelms-Universitat Munster,347,329,Germany,XL,FC,VH,5,A,23.9,351,19.3,476,85.3,109,32.9,406,71.3,244,41.3,337,40.9
Wuhan University,257,257,China,XL,FC,VH,5,A,35.2,237,53.5,150,42.6,358,53.7,189,75.3,234,68.9,189,46.1
Xiamen University,451,476,China,XL,FC,VH,4,A,16.4,501,39.4,241,76.6,163,9.2,601,3.7,601,5.4,601,28.2
Xi'an Jiaotong University,307,313,China,XL,FC,VH,5,A,37.9,218,25.5,373,63.3,226,50.4,224,37.2,414,14.1,601,43.2
Yale University,17,15,United States,L,FC,VH,5,A,97.4,26,99.1,15,92.4,72,80.4,53,68,259,30.1,429,88.6
Yeshiva University,359,310,United States,M,FC,VH,5,A,46.4,170,33.7,285,43.6,349,36.4,372,12.7,601,22.6,498,39.8
Yokohama City University,468,460,Japan,S,CO,VH,5,A,21.8,383,7.3,501,52.6,286,72.9,80,10.8,601,10,601,35.7
Yonsei University,104,107,South Korea,L,FC,VH,5,B,40.1,203,22.7,414,84,123,93.6,26,89.8,170,90.6,106,63.1
Zhejiang University,54,68,China,XL,FC,VH,5,A,78.9,68,99.7,10,34.8,450,91.1,29,100,29,100,7,77
